{
  "best_map50": 0.65776,
  "params": {
    "batch": 64,
    "optimizer": "AdamW",
    "lr0": 0.002863527111494497,
    "weight_decay": 2.9653955672573863e-06,
    "momentum": 0.7001237139162004,
    "warmup_epochs": 4,
    "box": 5.30859869833292,
    "cls": 0.9864929265634742,
    "hsv_h": 0.03897767816292479,
    "hsv_s": 0.10550162188408234,
    "hsv_v": 0.7311958141614289,
    "fliplr": 0.004510238535283168,
    "mosaic": 0.6471358807190548
  }
}